{"players":[{"account_id":106623037,"player_slot":0,"team_number":0,"team_slot":0,"hero_id":110,"hero_variant":2,"item_0":267,"item_1":119,"item_2":226,"item_3":931,"item_4":30,"item_5":188,"backpack_0":0,"backpack_1":34,"backpack_2":0,"item_neutral":1607,"item_neutral2":1583,"kills":17,"deaths":3,"assists":25,"leaver_status":0,"last_hits":101,"denies":3,"gold_per_min":482,"xp_per_min":807,"level":26,"net_worth":22345,"aghanims_scepter":0,"aghanims_shard":1,"moonshard":0,"hero_damage":26559,"tower_damage":2881,"hero_healing":22899,"gold":4520,"gold_spent":19655,"ability_upgrades_arr":[5625,5623,5625,5626,5625,5630,5631,5626,5626,5626,1566,5630,5623,5623,5623,6079,5630,6915,6227],"personaname":"UNDEFEATED Muerta","name":null,"last_login":null,"rank_tier":63,"is_subscriber":false,"radiant_win":true,"start_time":1758478607,"duration":2955,"cluster":272,"lobby_type":1,"game_mode":2,"is_contributor":false,"patch":58,"region":3,"isRadiant":true,"win":1,"lose":0,"total_gold":23738,"total_xp":39744,"kills_per_min":0.34517766497461927,"kda":10.5,"abandons":0,"benchmarks":{"gold_per_min":{"raw":482,"pct":0.7430517711171662},"xp_per_min":{"raw":807,"pct":0.8316076294277929},"kills_per_min":{"raw":0.3451776649746193,"pct":0.9343324250681199},"last_hits_per_min":{"raw":2.050761421319797,"pct":0.3231607629427793},"hero_damage_per_min":{"raw":539.269035532995,"pct":0.4433242506811989},"hero_healing_per_min":{"raw":464.9543147208122,"pct":0.9994550408719346},"tower_damage":{"raw":2881,"pct":0.9275204359673025}}},{"account_id":57839727,"player_slot":1,"team_number":0,"team_slot":1,"hero_id":1,"hero_variant":2,"item_0":208,"item_1":225,"item_2":147,"item_3":145,"item_4":117,"item_5":24,"backpack_0":63,"backpack_1":0,"backpack_2":0,"item_neutral":1608,"item_neutral2":1594,"kills":6,"deaths":3,"assists":17,"leaver_status":0,"last_hits":531,"denies":13,"gold_per_min":718,"xp_per_min":1016,"level":28,"net_worth":33990,"aghanims_scepter":1,"aghanims_shard":1,"moonshard":0,"hero_damage":21766,"tower_damage":10601,"hero_healing":0,"gold":215,"gold_spent":37665,"ability_upgrades_arr":[5003,5004,7314,5003,5003,5006,5003,5004,5004,5004,966,5006,7314,7314,7314,666,5006,665,6353,1495,6800],"personaname":"Great Love","name":null,"last_login":null,"rank_tier":54,"is_subscriber":false,"radiant_win":true,"start_time":1758478607,"duration":2955,"cluster":272,"lobby_type":1,"game_mode":2,"is_contributor":false,"patch":58,"region":3,"isRadiant":true,"win":1,"lose":0,"total_gold":35361,"total_xp":50038,"kills_per_min":0.1218274111675127,"kda":5.75,"abandons":0,"benchmarks":{"gold_per_min":{"raw":718,"pct":0.6562043795620438},"xp_per_min":{"raw":1016,"pct":0.6187043795620438},"kills_per_min":{"raw":0.1218274111675127,"pct":0.22572992700729927},"last_hits_per_min":{"raw":10.781725888324873,"pct":0.8452554744525548},"hero_damage_per_min":{"raw":441.9492385786802,"pct":0.352463503649635},"hero_healing_per_min":{"raw":0,"pct":0.95},"tower_damage":{"raw":10601,"pct":0.6680656934306569}}},{"account_id":226354794,"player_slot":2,"team_number":0,"team_slot":2,"hero_id":52,"hero_variant":2,"item_0":96,"item_1":1,"item_2":119,"item_3":116,"item_4":180,"item_5":273,"backpack_0":0,"backpack_1":0,"backpack_2":41,"item_neutral":1641,"item_neutral2":1583,"kills":15,"deaths":2,"assists":23,"leaver_status":0,"last_hits":365,"denies":10,"gold_per_min":700,"xp_per_min":905,"level":27,"net_worth":34379,"aghanims_scepter":1,"aghanims_shard":1,"moonshard":0,"hero_damage":43372,"tower_damage":7262,"hero_healing":0,"gold":4129,"gold_spent":30305,"ability_upgrades_arr":[5243,5242,5242,5243,5242,5244,5242,5243,5243,5241,5241,5244,5241,5241,7132,7101,5244,9418,6063,5931],"personaname":"Kret","name":null,"last_login":"2025-07-17T17:27:41.783Z","rank_tier":73,"is_subscriber":false,"radiant_win":true,"start_time":1758478607,"duration":2955,"cluster":272,"lobby_type":1,"game_mode":2,"is_contributor":false,"patch":58,"region":3,"isRadiant":true,"win":1,"lose":0,"total_gold":34475,"total_xp":44571,"kills_per_min":0.30456852791878175,"kda":12.67,"abandons":0,"benchmarks":{"gold_per_min":{"raw":700,"pct":0.8673602080624188},"xp_per_min":{"raw":905,"pct":0.7275682704811444},"kills_per_min":{"raw":0.3045685279187817,"pct":0.6189856957087126},"last_hits_per_min":{"raw":7.411167512690355,"pct":0.8276983094928478},"hero_damage_per_min":{"raw":880.6497461928934,"pct":0.5809492847854356},"hero_healing_per_min":{"raw":0,"pct":0.8689856957087126},"tower_damage":{"raw":7262,"pct":0.9466840052015605}}},{"account_id":992361072,"player_slot":3,"team_number":0,"team_slot":3,"hero_id":85,"hero_variant":1,"item_0":114,"item_1":96,"item_2":108,"item_3":50,"item_4":235,"item_5":1,"backpack_0":0,"backpack_1":0,"backpack_2":0,"item_neutral":1608,"item_neutral2":1585,"kills":13,"deaths":8,"assists":31,"leaver_status":0,"last_hits":274,"denies":8,"gold_per_min":604,"xp_per_min":936,"level":27,"net_worth":27736,"aghanims_scepter":0,"aghanims_shard":0,"moonshard":0,"hero_damage":22194,"tower_damage":8394,"hero_healing":2250,"gold":2736,"gold_spent":28785,"ability_upgrades_arr":[5442,5444,5442,5444,5442,5447,5442,5444,5444,813,5443,5447,5443,5443,6155,5443,5447,6420,6971,807],"personaname":"Grunt","name":null,"last_login":"2025-08-11T05:36:20.349Z","rank_tier":32,"is_subscriber":false,"radiant_win":true,"start_time":1758478607,"duration":2955,"cluster":272,"lobby_type":1,"game_mode":2,"is_contributor":false,"patch":58,"region":3,"isRadiant":true,"win":1,"lose":0,"total_gold":29747,"total_xp":46098,"kills_per_min":0.2639593908629442,"kda":4.89,"abandons":0,"benchmarks":{"gold_per_min":{"raw":604,"pct":0.9600197433366239},"xp_per_min":{"raw":936,"pct":0.9450477130635078},"kills_per_min":{"raw":0.2639593908629441,"pct":0.8397499177360974},"last_hits_per_min":{"raw":5.563451776649746,"pct":0.9230009871668312},"hero_damage_per_min":{"raw":450.6395939086294,"pct":0.5985521553142481},"hero_healing_per_min":{"raw":45.68527918781726,"pct":0.43665679499835475},"tower_damage":{"raw":8394,"pct":0.9963803882856203}}},{"account_id":236584942,"player_slot":4,"team_number":0,"team_slot":4,"hero_id":26,"hero_variant":1,"item_0":1,"item_1":108,"item_2":214,"item_3":176,"item_4":218,"item_5":254,"backpack_0":0,"backpack_1":0,"backpack_2":0,"item_neutral":1641,"item_neutral2":1592,"kills":7,"deaths":4,"assists":29,"leaver_status":0,"last_hits":69,"denies":5,"gold_per_min":377,"xp_per_min":799,"level":26,"net_worth":17859,"aghanims_scepter":0,"aghanims_shard":1,"moonshard":0,"hero_damage":20786,"tower_damage":1288,"hero_healing":0,"gold":1434,"gold_spent":17505,"ability_upgrades_arr":[5044,5046,5044,5046,5044,5047,5044,5045,5045,5918,5046,5047,5046,5045,401,5045,5047,777,6389],"personaname":"Booz","name":null,"last_login":null,"rank_tier":44,"is_subscriber":false,"radiant_win":true,"start_time":1758478607,"duration":2955,"cluster":272,"lobby_type":1,"game_mode":2,"is_contributor":false,"patch":58,"region":3,"isRadiant":true,"win":1,"lose":0,"total_gold":18567,"total_xp":39350,"kills_per_min":0.14213197969543148,"kda":7.2,"abandons":0,"benchmarks":{"gold_per_min":{"raw":377,"pct":0.6666054933626965},"xp_per_min":{"raw":799,"pct":0.882119043249526},"kills_per_min":{"raw":0.14213197969543148,"pct":0.5347158500030587},"last_hits_per_min":{"raw":1.401015228426396,"pct":0.6388328133602496},"hero_damage_per_min":{"raw":422.0507614213198,"pct":0.6763320486939499},"hero_healing_per_min":{"raw":0,"pct":0.7687649109928427},"tower_damage":{"raw":1288,"pct":0.8538569768153178}}},{"account_id":39135840,"player_slot":128,"team_number":1,"team_slot":0,"hero_id":40,"hero_variant":2,"item_0":267,"item_1":218,"item_2":254,"item_3":29,"item_4":279,"item_5":86,"backpack_0":188,"backpack_1":31,"backpack_2":88,"item_neutral":1641,"item_neutral2":1583,"kills":6,"deaths":14,"assists":8,"leaver_status":0,"last_hits":91,"denies":0,"gold_per_min":293,"xp_per_min":428,"level":19,"net_worth":9998,"aghanims_scepter":0,"aghanims_shard":0,"moonshard":0,"hero_damage":40664,"tower_damage":20,