{"players":[{"account_id":1002536896,"player_slot":0,"team_number":0,"team_slot":0,"hero_id":74,"hero_variant":3,"item_0":48,"item_1":235,"item_2":96,"item_3":110,"item_4":116,"item_5":108,"backpack_0":0,"backpack_1":218,"backpack_2":0,"item_neutral":371,"item_neutral2":1587,"kills":18,"deaths":6,"assists":20,"leaver_status":0,"last_hits":381,"denies":7,"gold_per_min":617,"xp_per_min":867,"level":29,"net_worth":33309,"aghanims_scepter":0,"aghanims_shard":0,"moonshard":0,"hero_damage":44835,"tower_damage":14753,"hero_healing":0,"gold":5659,"gold_spent":32150,"ability_upgrades_arr":[5372,5370,5372,5370,5372,5370,5371,5372,5370,5372,5372,5371,5372,5371,1654,5371,5371,5371,5371,5762,5370,5370,6099,5370,6098],"personaname":"jarjeer","name":null,"last_login":null,"rank_tier":64,"is_subscriber":false,"radiant_win":true,"start_time":1758471512,"duration":4319,"cluster":272,"lobby_type":1,"game_mode":2,"is_contributor":false,"patch":58,"region":3,"isRadiant":true,"win":1,"lose":0,"total_gold":44413,"total_xp":62409,"kills_per_min":0.2500578837693911,"kda":5.43,"abandons":0,"benchmarks":{"gold_per_min":{"raw":617,"pct":0.7996050404363363},"xp_per_min":{"raw":867,"pct":0.7722399849539214},"kills_per_min":{"raw":0.2500578837693911,"pct":0.675098739890916},"last_hits_per_min":{"raw":5.292891873118777,"pct":0.7593567801391762},"hero_damage_per_min":{"raw":622.8525121555916,"pct":0.4780891480157984},"hero_healing_per_min":{"raw":0,"pct":0.8342110212525861},"tower_damage":{"raw":14753,"pct":0.9880571750987399}}},{"account_id":188889560,"player_slot":1,"team_number":0,"team_slot":1,"hero_id":7,"hero_variant":1,"item_0":110,"item_1":600,"item_2":96,"item_3":277,"item_4":116,"item_5":235,"backpack_0":0,"backpack_1":0,"backpack_2":0,"item_neutral":1642,"item_neutral2":1590,"kills":10,"deaths":7,"assists":21,"leaver_status":0,"last_hits":666,"denies":7,"gold_per_min":704,"xp_per_min":778,"level":28,"net_worth":40935,"aghanims_scepter":0,"aghanims_shard":1,"moonshard":0,"hero_damage":46472,"tower_damage":2220,"hero_healing":0,"gold":9485,"gold_spent":33940,"ability_upgrades_arr":[5023,5024,5025,5025,5025,5026,5025,5023,5023,5023,744,5026,5024,5024,858,5024,5026,6425,1208,450,6511],"personaname":"HUNDSCHeiSSE","name":null,"last_login":"2025-08-09T12:32:03.075Z","rank_tier":null,"is_subscriber":false,"radiant_win":true,"start_time":1758471512,"duration":4319,"cluster":272,"lobby_type":1,"game_mode":2,"is_contributor":false,"patch":58,"region":3,"isRadiant":true,"win":1,"lose":0,"total_gold":50676,"total_xp":56003,"kills_per_min":0.13892104653855059,"kda":3.88,"abandons":0,"benchmarks":{"gold_per_min":{"raw":704,"pct":0.9238398302837444},"xp_per_min":{"raw":778,"pct":0.6174489525324848},"kills_per_min":{"raw":0.13892104653855059,"pct":0.38573322726067355},"last_hits_per_min":{"raw":9.25214169946747,"pct":0.967806947759215},"hero_damage_per_min":{"raw":645.5938874739523,"pct":0.4627950145849907},"hero_healing_per_min":{"raw":0,"pct":0.8682577565632458},"tower_damage":{"raw":2220,"pct":0.7159374171307346}}},{"account_id":236584942,"player_slot":2,"team_number":0,"team_slot":2,"hero_id":128,"hero_variant":2,"item_0":30,"item_1":0,"item_2":90,"item_3":231,"item_4":102,"item_5":226,"backpack_0":188,"backpack_1":0,"backpack_2":0,"item_neutral":1642,"item_neutral2":1587,"kills":8,"deaths":10,"assists":27,"leaver_status":0,"last_hits":149,"denies":3,"gold_per_min":375,"xp_per_min":638,"level":27,"net_worth":19656,"aghanims_scepter":0,"aghanims_shard":1,"moonshard":0,"hero_damage":27112,"tower_damage":1492,"hero_healing":1457,"gold":3281,"gold_spent":20760,"ability_upgrades_arr":[6480,6488,6480,6483,6480,6482,6480,6483,6483,6483,6482,384,6488,6488,6489,6488,6482,1628,6485,6479],"personaname":"Booz","name":null,"last_login":null,"rank_tier":44,"is_subscriber":false,"radiant_win":true,"start_time":1758471512,"duration":4319,"cluster":272,"lobby_type":1,"game_mode":2,"is_contributor":false,"patch":58,"region":3,"isRadiant":true,"win":1,"lose":0,"total_gold":26993,"total_xp":45925,"kills_per_min":0.11113683723084047,"kda":3.18,"abandons":0,"benchmarks":{"gold_per_min":{"raw":375,"pct":0.3949835911861228},"xp_per_min":{"raw":638,"pct":0.6217768401312705},"kills_per_min":{"raw":0.11113683723084047,"pct":0.3300515705578997},"last_hits_per_min":{"raw":2.0699235934244036,"pct":0.37740271917487106},"hero_damage_per_min":{"raw":376.64274137531834,"pct":0.17463666197843414},"hero_healing_per_min":{"raw":20.24079648066682,"pct":0.539732770745429},"tower_damage":{"raw":1492,"pct":0.5808720112517581}}},{"account_id":106623037,"player_slot":3,"team_number":0,"team_slot":3,"hero_id":110,"hero_variant":2,"item_0":102,"item_1":267,"item_2":226,"item_3":40,"item_4":30,"item_5":48,"backpack_0":188,"backpack_1":0,"backpack_2":214,"item_neutral":370,"item_neutral2":1592,"kills":2,"deaths":11,"assists":22,"leaver_status":0,"last_hits":177,"denies":0,"gold_per_min":330,"xp_per_min":571,"level":26,"net_worth":19999,"aghanims_scepter":0,"aghanims_shard":1,"moonshard":0,"hero_damage":16682,"tower_damage":831,"hero_healing":3310,"gold":5054,"gold_spent":17045,"ability_upgrades_arr":[5625,5623,5625,5626,5625,5630,5625,5626,5626,5626,1566,5630,5623,5623,6079,5623,5630,6915,6227],"personaname":"UNDEFEATED Muerta","name":null,"last_login":null,"rank_tier":63,"is_subscriber":false,"radiant_win":true,"start_time":1758471512,"duration":4319,"cluster":272,"lobby_type":1,"game_mode":2,"is_contributor":false,"patch":58,"region":3,"isRadiant":true,"win":1,"lose":0,"total_gold":23754,"total_xp":41102,"kills_per_min":0.02778420930771012,"kda":2,"abandons":0,"benchmarks":{"gold_per_min":{"raw":330,"pct":0.1983651226158038},"xp_per_min":{"raw":571,"pct":0.39455040871934605},"kills_per_min":{"raw":0.02778420930771012,"pct":0.06130790190735695},"last_hits_per_min":{"raw":2.4589025237323456,"pct":0.4305177111716621},"hero_damage_per_min":{"raw":231.7480898356101,"pct":0.03160762942779292},"hero_healing_per_min":{"raw":45.98286640426025,"pct":0.49754768392370574},"tower_damage":{"raw":831,"pct":0.6275204359673024}}},{"account_id":39135840,"player_slot":4,"team_number":0,"team_slot":4,"hero_id":67,"hero_variant":2,"item_0":225,"item_1":4206,"item_2":250,"item_3":110,"item_4":160,"item_5":63,"backpack_0":0,"backpack_1":0,"backpack_2":0,"item_neutral":292,"item_neutral2":1597,"kills":14,"deaths":7,"assists":31,"leaver_status":0,"last_hits":450,"denies":4,"gold_per_min":632,"xp_per_min":1019,"level":30,"net_worth":37025,"aghanims_scepter":1,"aghanims_shard":0,"moonshard":0,"hero_damage":62510,"tower_damage":5500,"hero_healing":0,"gold":7775,"gold_spent":32910,"ability_upgrades_arr":[5334,5336,5334,5335,5334,7851,5336,5334,5335,5910,5335,7851,5335,5336,5336,6900,7851,6901,6902,6148,8040,6195,6903],"personaname":"giraffe","name":null,"last_login":"2025-09-03T10:49:45.123Z","rank_tier":44,"is_subscriber":false,"radiant_win":true,"start_time":1758471512,"duration":4319,"cluster":272,"lobby_type":1,"game_mode":2,"is_contributor":false,"patch":58,"region":3,"isRadiant":true,"win":1,"lose":0,"total_gold":45493,"total_xp":73351,"kills_per_min":0.19448946515397084,"kda":5.63,"abandons":0,"benchmarks":{"gold_per_min":{"raw":632,"pct":0.6705357142857142},"xp_per_min":{"raw":1019,"pct":0.7071428571428572},"kills_per_min":{"raw":0.1944894651539708,"pct":0.3430803571428571},"last_hits_per_min":{"raw":6.251447094234776,"pct":0.6421875},"hero_damage_per_min":{"raw":868.3954619124797,"pct":0.6419642857142858},"hero_healing_per_min":{"raw":0,"pct":0.9328125},"tower_damage":{"raw":5500,"pct":0.7058035714285714}}},{"account_id":57839727,"player_slot":128,"team_number":1,"team_slot":0,"hero_id":32,"hero_variant":2,"item_0":116,"item_1":147,"item_2":1097,"item_3":208,"item_4":235,"item_5":41,"backpack_0":149,"backpack_1":0,"backpack_2":0,"item_neutral":292,"item_neutral2":1596,"kills":9,"deaths":13,"assists":13,"leaver_status":0,"last_hits":662,"denies":13,"gold_per_min":662,"xp_per_min":915,"level":30,"net_worth":37845,"aghanims_scepter":1,