{"players":[{"account_id":1002536896,"player_slot":0,"team_number":0,"team_slot":0,"hero_id":74,"hero_variant":3,"item_0":77,"item_1":30,"item_2":119,"item_3":96,"item_4":108,"item_5":48,"backpack_0":65,"backpack_1":0,"backpack_2":0,"item_neutral":1602,"item_neutral2":1594,"kills":9,"deaths":0,"assists":17,"leaver_status":0,"last_hits":200,"denies":6,"gold_per_min":595,"xp_per_min":753,"level":22,"net_worth":21099,"aghanims_scepter":0,"aghanims_shard":0,"moonshard":0,"hero_damage":22709,"tower_damage":15324,"hero_healing":0,"gold":419,"gold_spent":21675,"ability_upgrades_arr":[5372,5370,5372,5370,5372,5370,5372,5370,5371,5372,5372,5371,5372,5371,5371,1654,5371,5371,5371,5762,6099,5370],"personaname":"jarjeer","name":null,"last_login":null,"rank_tier":64,"is_subscriber":false,"radiant_win":true,"start_time":1758651746,"duration":2129,"cluster":272,"lobby_type":1,"game_mode":2,"is_contributor":false,"patch":58,"region":3,"isRadiant":true,"win":1,"lose":0,"total_gold":21112,"total_xp":26718,"kills_per_min":0.25364020666979803,"kda":26,"abandons":0,"benchmarks":{"gold_per_min":{"raw":595,"pct":0.7573342573342573},"xp_per_min":{"raw":753,"pct":0.6165396165396165},"kills_per_min":{"raw":0.25364020666979803,"pct":0.6864171864171864},"last_hits_per_min":{"raw":5.6364490371066225,"pct":0.8103488103488103},"hero_damage_per_min":{"raw":639.9906059182715,"pct":0.5072765072765073},"hero_healing_per_min":{"raw":0,"pct":0.81993531993532},"tower_damage":{"raw":15324,"pct":0.9926079926079926}}},{"account_id":107968204,"player_slot":1,"team_number":0,"team_slot":1,"hero_id":20,"hero_variant":2,"item_0":214,"item_1":42,"item_2":108,"item_3":36,"item_4":229,"item_5":0,"backpack_0":0,"backpack_1":0,"backpack_2":0,"item_neutral":1603,"item_neutral2":1593,"kills":5,"deaths":5,"assists":21,"leaver_status":0,"last_hits":36,"denies":5,"gold_per_min":333,"xp_per_min":574,"level":19,"net_worth":11040,"aghanims_scepter":0,"aghanims_shard":0,"moonshard":0,"hero_damage":14869,"tower_damage":891,"hero_healing":125,"gold":2815,"gold_spent":9060,"ability_upgrades_arr":[5122,5124,5122,5124,5122,5125,5122,5124,5124,1068,5123,5125,5123,5123,6977,5123],"personaname":"e-snok","name":null,"last_login":null,"rank_tier":null,"is_subscriber":false,"radiant_win":true,"start_time":1758651746,"duration":2129,"cluster":272,"lobby_type":1,"game_mode":2,"is_contributor":false,"patch":58,"region":3,"isRadiant":true,"win":1,"lose":0,"total_gold":11815,"total_xp":20367,"kills_per_min":0.14091122592766556,"kda":4.33,"abandons":0,"benchmarks":{"gold_per_min":{"raw":333,"pct":0.3767146202743392},"xp_per_min":{"raw":574,"pct":0.4337571094011375},"kills_per_min":{"raw":0.14091122592766558,"pct":0.6609233857477417},"last_hits_per_min":{"raw":1.0145608266791921,"pct":0.2684844429575109},"hero_damage_per_min":{"raw":419.0418036636919,"pct":0.5270993643358983},"hero_healing_per_min":{"raw":3.522780648191639,"pct":0.7432251589160255},"tower_damage":{"raw":891,"pct":0.5389762462361994}}},{"account_id":188889560,"player_slot":2,"team_number":0,"team_slot":2,"hero_id":29,"hero_variant":2,"item_0":50,"item_1":1,"item_2":178,"item_3":81,"item_4":141,"item_5":168,"backpack_0":0,"backpack_1":0,"backpack_2":0,"item_neutral":1603,"item_neutral2":1576,"kills":11,"deaths":3,"assists":19,"leaver_status":0,"last_hits":217,"denies":9,"gold_per_min":569,"xp_per_min":738,"level":22,"net_worth":19266,"aghanims_scepter":0,"aghanims_shard":1,"moonshard":0,"hero_damage":27848,"tower_damage":3754,"hero_healing":2759,"gold":2511,"gold_spent":18655,"ability_upgrades_arr":[5118,5120,5120,5119,5120,5121,5120,5119,5119,963,5119,5121,5118,5118,6946,5118,5121,964],"personaname":"HUNDSCHeiSSE","name":null,"last_login":"2025-08-09T12:32:03.075Z","rank_tier":null,"is_subscriber":false,"radiant_win":true,"start_time":1758651746,"duration":2129,"cluster":272,"lobby_type":1,"game_mode":2,"is_contributor":false,"patch":58,"region":3,"isRadiant":true,"win":1,"lose":0,"total_gold":20190,"total_xp":26186,"kills_per_min":0.31000469704086425,"kda":7.5,"abandons":0,"benchmarks":{"gold_per_min":{"raw":569,"pct":0.8339552238805971},"xp_per_min":{"raw":738,"pct":0.6570895522388059},"kills_per_min":{"raw":0.31000469704086425,"pct":0.9354477611940298},"last_hits_per_min":{"raw":6.115547205260685,"pct":0.7914179104477612},"hero_damage_per_min":{"raw":784.8191639267261,"pct":0.8944029850746269},"hero_healing_per_min":{"raw":77.75481446688586,"pct":0.8246268656716418},"tower_damage":{"raw":3754,"pct":0.7738805970149254}}},{"account_id":35804562,"player_slot":3,"team_number":0,"team_slot":3,"hero_id":87,"hero_variant":1,"item_0":254,"item_1":100,"item_2":218,"item_3":180,"item_4":36,"item_5":0,"backpack_0":0,"backpack_1":0,"backpack_2":0,"item_neutral":1158,"item_neutral2":1595,"kills":6,"deaths":8,"assists":21,"leaver_status":0,"last_hits":29,"denies":3,"gold_per_min":313,"xp_per_min":464,"level":17,"net_worth":9007,"aghanims_scepter":0,"aghanims_shard":0,"moonshard":0,"hero_damage":10782,"tower_damage":1017,"hero_healing":0,"gold":2357,"gold_spent":8330,"ability_upgrades_arr":[5458,5459,5459,5460,5459,5461,5459,5458,5458,5458,1142,5461,5460,5460,6215,5460],"personaname":"A Tired Parent","name":null,"last_login":null,"rank_tier":25,"is_subscriber":false,"radiant_win":true,"start_time":1758651746,"duration":2129,"cluster":272,"lobby_type":1,"game_mode":2,"is_contributor":false,"patch":58,"region":3,"isRadiant":true,"win":1,"lose":0,"total_gold":11106,"total_xp":16464,"kills_per_min":0.16909347111319867,"kda":3,"abandons":0,"benchmarks":{"gold_per_min":{"raw":313,"pct":0.3649425287356322},"xp_per_min":{"raw":464,"pct":0.3283524904214559},"kills_per_min":{"raw":0.16909347111319867,"pct":0.8708812260536398},"last_hits_per_min":{"raw":0.8172851103804604,"pct":0.32567049808429116},"hero_damage_per_min":{"raw":303.86096759041806,"pct":0.310536398467433},"hero_healing_per_min":{"raw":0,"pct":0.6980842911877395},"tower_damage":{"raw":1017,"pct":0.8865900383141763}}},{"account_id":169325410,"player_slot":4,"team_number":0,"team_slot":4,"hero_id":39,"hero_variant":3,"item_0":596,"item_1":63,"item_2":147,"item_3":112,"item_4":158,"item_5":117,"backpack_0":36,"backpack_1":0,"backpack_2":0,"item_neutral":1603,"item_neutral2":1584,"kills":13,"deaths":1,"assists":13,"leaver_status":0,"last_hits":327,"denies":27,"gold_per_min":758,"xp_per_min":916,"level":24,"net_worth":26440,"aghanims_scepter":0,"aghanims_shard":0,"moonshard":0,"hero_damage":33578,"tower_damage":10257,"hero_healing":0,"gold":8090,"gold_spent":19620,"ability_upgrades_arr":[5173,5174,5173,5174,5173,5176,5173,5174,5174,6115,730,5176,730,730,5939,730,730,5176,730,590,730,5175,5175],"personaname":"Gary the Carry","name":null,"last_login":"2017-01-05T10:10:23.887Z","rank_tier":55,"is_subscriber":false,"radiant_win":true,"start_time":1758651746,"duration":2129,"cluster":272,"lobby_type":1,"game_mode":2,"is_contributor":false,"patch":58,"region":3,"isRadiant":true,"win":1,"lose":0,"total_gold":26896,"total_xp":32502,"kills_per_min":0.3663691874119305,"kda":13,"abandons":0,"benchmarks":{"gold_per_min":{"raw":758,"pct":0.958547557840617},"xp_per_min":{"raw":916,"pct":0.7360754070265638},"kills_per_min":{"raw":0.3663691874119305,"pct":0.7993787489288775},"last_hits_per_min":{"raw":9.21559417566933,"pct":0.9773993144815767},"hero_damage_per_min":{"raw":946.303428839831,"pct":0.6537060839760068},"hero_healing_per_min":{"raw":0,"pct":0.8301199657240789},"tower_damage":{"raw":10257,"pct":0.9857540702656384}}},{"account_id":1804070588,"player_slot":128,"team_number":1,"team_slot":0,"hero_id":28,"hero_variant":1,"item_0":1,"item_1":116,"item_2":172,"item_3":0,"item_4":63,"item_5":65,"backpack_0":36,"backpack_1":73,"backpack_2":0,"item_neutral":1605,"item_neutral2":1584,"kills":3,"deaths":9,"assists":5,"leaver_status":0,"last_hits":187,"denies":15,"gold_per_min":442,"xp_per_min":571,"level":19,"net_worth":14529,"aghanims_scepter":0,"aghanims_shard":1,"moonshard":0,"hero_damage":14379,"tower_damage":0,"hero_healing":0,